dataset,method,n_components,last,policy,mean,std,time,xcols,xcols_reduced,rank
data/our_datasets/xomo_ground.csv,Symbolic Dimensionality Reduction (20) with Kmeans Discretization,20.0,20,explore,0.20901162790697675,0.08272328307681599,1.5654471874237061,23,20,3
data/our_datasets/xomo_ground.csv,FAMD (5),5.0,20,Random,0.209593023255814,0.06743872787432051,0.26478424072265627,23,21,4
data/our_datasets/xomo_ground.csv,Numeric Dimensionality Reduction (10),10.0,20,exploit,0.18139534883720929,0.08339730733507493,0.3079963088035583,23,10,3
data/our_datasets/xomo_ground.csv,Numeric Dimensionality Reduction (10),10.0,20,FOCUS,0.18953488372093022,0.0775765293214927,0.3974552869796753,23,10,3
data/our_datasets/xomo_ground.csv,Symbolic Dimensionality Reduction (20) with EFB Discretization,20.0,20,exploit,0.18139534883720929,0.0726534853572712,1.0483566045761108,23,20,3
data/our_datasets/xomo_ground.csv,Symbolic Dimensionality Reduction (20) with EFB Discretization,20.0,20,Random,0.19738372093023254,0.06148719675722902,1.0168372988700867,23,20,4
data/our_datasets/xomo_ground.csv,Numeric Dimensionality Reduction (10),10.0,20,explore,0.16860465116279072,0.09585091858628432,0.282838499546051,23,10,3
data/our_datasets/xomo_ground.csv,Symbolic Dimensionality Reduction (10) with EFB Discretization,10.0,20,FOCUS,0.1941860465116279,0.07545606782747731,0.8482106447219848,23,10,4
data/our_datasets/xomo_ground.csv,FAMD (5),5.0,20,exploit,0.175,0.06360635174802394,0.2725576996803284,23,21,3
data/our_datasets/xomo_ground.csv,Symbolic Dimensionality Reduction (10) with EFB Discretization,10.0,20,explore,0.18255813953488376,0.07895854009937191,0.8938813924789428,23,10,3
data/our_datasets/xomo_ground.csv,Symbolic Feature Elimation (5) with EFB Discretization,5.0,20,exploit,0.16627906976744186,0.06547864290837715,0.22154099941253663,23,6,3
data/our_datasets/xomo_ground.csv,Numeric Dimensionality Reduction (10),10.0,20,Random,0.1697674418604651,0.07889858350552267,0.34708030223846437,23,10,3
data/our_datasets/xomo_ground.csv,Symbolic Dimensionality Reduction (20) with EFB Discretization,20.0,20,explore,0.2020348837209302,0.059543371260906246,0.9806424140930176,23,20,4
data/our_datasets/xomo_ground.csv,Symbolic Dimensionality Reduction (5) with EFB Discretization,5.0,20,Random,0.22063953488372096,0.07469233360819402,0.5155218124389649,23,5,4
data/our_datasets/xomo_ground.csv,Symbolic Feature Elimation (10) with Kmeans Discretization,10.0,20,exploit,0.1683139534883721,0.07953596745487689,1.5197087526321411,23,11,3
data/our_datasets/xomo_ground.csv,Symbolic Feature Elimation (10) with Kmeans Discretization,10.0,20,Random,0.21627906976744185,0.08323502403801526,1.4002867460250854,23,11,4
data/our_datasets/xomo_ground.csv,Numeric Dimensionality Reduction (5),5.0,20,FOCUS,0.1744186046511628,0.08303986544817268,0.24813554286956788,23,5,3
data/our_datasets/xomo_ground.csv,Symbolic Dimensionality Reduction (10) with EFB Discretization,10.0,20,Random,0.23168604651162789,0.06632176817212848,0.8466446399688721,23,10,4
data/our_datasets/xomo_ground.csv,Symbolic Feature Elimation (10) with Kmeans Discretization,10.0,20,FOCUS,0.17209302325581394,0.0625749955677847,1.4637975335121154,23,11,3
data/our_datasets/xomo_ground.csv,Numeric Feature Elimination (5),5.0,20,explore,0.20203488372093026,0.07555623463137356,0.16842620372772216,23,6,4
data/our_datasets/xomo_ground.csv,Numeric Dimensionality Reduction (20),20.0,20,exploit,0.20465116279069773,0.07076801885908345,0.3755902528762817,23,20,4
data/our_datasets/xomo_ground.csv,Numeric Dimensionality Reduction (5),5.0,20,exploit,0.1872093023255814,0.1096912920724204,0.27502429485321045,23,5,3
data/our_datasets/xomo_ground.csv,Symbolic Dimensionality Reduction (20) with EFB Discretization,20.0,20,FOCUS,0.17325581395348838,0.07371579470044402,1.0033738493919373,23,20,3
data/our_datasets/xomo_ground.csv,Symbolic Dimensionality Reduction (5) with Kmeans Discretization,5.0,20,exploit,0.234593023255814,0.06965288560201896,1.7743144392967225,23,5,4
data/our_datasets/xomo_ground.csv,Numeric Dimensionality Reduction (20),20.0,20,Random,0.20348837209302326,0.07163205968028577,0.36906770467758176,23,20,3
data/our_datasets/xomo_ground.csv,Symbolic Dimensionality Reduction (5) with EFB Discretization,5.0,20,exploit,0.2,0.07368827682676679,0.49409871101379393,23,5,3
data/our_datasets/xomo_ground.csv,Symbolic Feature Elimation (10) with Kmeans Discretization,10.0,20,explore,0.17790697674418607,0.07178290387930536,1.40745370388031,23,11,3
data/our_datasets/xomo_ground.csv,Numeric Dimensionality Reduction (20),20.0,20,FOCUS,0.18372093023255814,0.08573166786589191,0.36403329372406007,23,20,3
data/our_datasets/xomo_ground.csv,Symbolic Dimensionality Reduction (10) with EFB Discretization,10.0,20,exploit,0.19767441860465115,0.04850384561538188,0.8014086961746216,23,10,4
data/our_datasets/xomo_ground.csv,Numeric Dimensionality Reduction (20),20.0,20,explore,0.2,0.08988906088412879,0.3447993040084839,23,20,3
data/our_datasets/xomo_ground.csv,Symbolic Feature Elimation (10) with EFB Discretization,10.0,20,exploit,0.21598837209302327,0.07667533468921112,0.7244185447692871,23,11,4
data/our_datasets/xomo_ground.csv,Symbolic Feature Elimation (10) with EFB Discretization,10.0,20,Random,0.16744186046511628,0.09202957645306688,0.8718995451927185,23,11,3
data/our_datasets/xomo_ground.csv,Symbolic Dimensionality Reduction (10) with Kmeans Discretization,10.0,20,explore,0.18372093023255814,0.07532155693349604,0.7172770500183105,23,10,4
data/our_datasets/xomo_ground.csv,Symbolic Feature Elimation (20) with Kmeans Discretization,20.0,20,exploit,0.15813953488372093,0.08904274287942626,1.813230848312378,23,21,3
data/our_datasets/xomo_ground.csv,Symbolic Feature Elimation (10) with EFB Discretization,10.0,20,explore,0.16744186046511628,0.06764204452208832,0.839228892326355,23,11,3
data/our_datasets/xomo_ground.csv,Symbolic Feature Elimation (20) with Kmeans Discretization,20.0,20,FOCUS,0.20232558139534884,0.05557117742022568,1.7620476961135865,23,21,3
data/our_datasets/xomo_ground.csv,Numeric Dimensionality Reduction (5),5.0,20,Random,0.21715116279069768,0.06933672764829257,0.26508924961090086,23,5,4
data/our_datasets/xomo_ground.csv,Symbolic Feature Elimation (20) with Kmeans Discretization,20.0,20,explore,0.16279069767441862,0.061967035323135945,1.7620282411575316,23,21,3
data/our_datasets/xomo_ground.csv,FAMD (20),20.0,20,FOCUS,0.1633720930232558,0.07188877669128764,0.26486610174179076,23,21,3
data/our_datasets/xomo_ground.csv,Numeric Feature Elimination (5),5.0,20,exploit,0.17906976744186048,0.08192518583166762,0.17034834623336792,23,6,3
data/our_datasets/xomo_ground.csv,Numeric Feature Elimination (5),5.0,20,Random,0.22645348837209306,0.0595603994649466,0.15884324312210082,23,6,4
data/our_datasets/xomo_ground.csv,Symbolic Dimensionality Reduction (10) with Kmeans Discretization,10.0,20,FOCUS,0.18691860465116278,0.0719680790891906,0.889618742465973,23,10,3
data/our_datasets/xomo_ground.csv,Numeric Feature Elimination (10),10.0,20,exploit,0.2,0.08136211946295768,0.27591785192489626,23,11,4
data/our_datasets/xomo_ground.csv,Symbolic Feature Elimation (5) with Kmeans Discretization,5.0,20,FOCUS,0.2133720930232558,0.07669351745260906,1.1569022417068482,23,6,3
data/our_datasets/xomo_ground.csv,Symbolic Feature Elimation (10) with EFB Discretization,10.0,20,FOCUS,0.19302325581395346,0.06980619078978434,0.9312135457992554,23,11,3
data/our_datasets/xomo_ground.csv,Symbolic Feature Elimation (20) with Kmeans Discretization,20.0,20,Random,0.19331395348837205,0.06256081411244674,1.776412546634674,23,21,4
data/our_datasets/xomo_ground.csv,Original,,20,explore,0.18730459237902014,0.08980850088359728,0.09031819105148316,23,23,3
data/our_datasets/xomo_ground.csv,Numeric Feature Elimination (10),10.0,20,Random,0.18488372093023256,0.07444585256980985,0.3038058042526245,23,11,3
data/our_datasets/xomo_ground.csv,Symbolic Dimensionality Reduction (5) with Kmeans Discretization,5.0,20,explore,0.20581395348837211,0.07687620779565393,1.7562687993049622,23,5,4
data/our_datasets/xomo_ground.csv,Symbolic Dimensionality Reduction (5) with EFB Discretization,5.0,20,explore,0.20901162790697678,0.08686900661592761,0.4814070463180542,23,5,3
data/our_datasets/xomo_ground.csv,Symbolic Feature Elimation (20) with EFB Discretization,20.0,20,exploit,0.15465116279069765,0.07509683670915128,1.237963902950287,23,20,2
data/our_datasets/xomo_ground.csv,Numeric Feature Elimination (10),10.0,20,FOCUS,0.1767441860465116,0.06796111254047654,0.31301820278167725,23,11,3
data/our_datasets/xomo_ground.csv,Symbolic Feature Elimation (20) with EFB Discretization,20.0,20,Random,0.2,0.08588923401218321,1.1863253951072692,23,20,4
data/our_datasets/xomo_ground.csv,Numeric Feature Elimination (10),10.0,20,explore,0.1686046511627907,0.0753125809986571,0.29407700300216677,23,11,3
data/our_datasets/xomo_ground.csv,Symbolic Feature Elimation (20) with EFB Discretization,20.0,20,FOCUS,0.23633720930232566,0.0709510787132845,1.1870016932487488,23,20,4
data/our_datasets/xomo_ground.csv,Symbolic Feature Elimation (5) with EFB Discretization,5.0,20,explore,0.15552325581395351,0.08322030147511796,0.13822579383850098,23,6,1
data/our_datasets/xomo_ground.csv,Original,,20,FOCUS,0.20878245145763757,0.08008566751471459,0.24372910261154174,23,23,4
data/our_datasets/xomo_ground.csv,Symbolic Feature Elimation (20) with EFB Discretization,20.0,20,explore,0.16162790697674417,0.05671510882910325,1.1601721048355103,23,20,3
data/our_datasets/xomo_ground.csv,FAMD (10),10.0,20,exploit,0.18604651162790697,0.07748061046026829,0.43258990049362184,23,21,3
data/our_datasets/xomo_ground.csv,FAMD (10),10.0,20,FOCUS,0.15813953488372096,0.06561272548681807,0.4422417521476746,23,21,2
data/our_datasets/xomo_ground.csv,Numeric Feature Elimination (5),5.0,20,FOCUS,0.2232558139534883,0.12292628173397684,0.18697733879089357,23,6,4
data/our_datasets/xomo_ground.csv,Symbolic Feature Elimation (5) with EFB Discretization,5.0,20,FOCUS,0.20232558139534884,0.07283934773658522,0.22306699752807618,23,6,3
data/our_datasets/xomo_ground.csv,Numeric Feature Elimination (20),20.0,20,exploit,0.19622093023255813,0.09613042887873156,0.37136155366897583,23,18,3
data/our_datasets/xomo_ground.csv,Numeric Feature Elimination (20),20.0,20,Random,0.2078488372093023,0.07242690408895926,0.36759079694747926,23,18,4
data/our_datasets/xomo_ground.csv,FAMD (20),20.0,20,explore,0.19854651162790699,0.06532035607935888,0.2765072464942932,23,21,4
data/our_datasets/xomo_ground.csv,FAMD (10),10.0,20,explore,0.22296511627906979,0.09448837137754781,0.43938809633255005,23,21,4
data/our_datasets/xomo_ground.csv,FAMD (5),5.0,20,explore,0.1686046511627907,0.0677518936370103,0.2721135139465332,23,21,3
data/our_datasets/xomo_ground.csv,Original,,20,Random,0.1695545808402149,0.05058710534238807,0.24513895511627198,23,23,3
data/our_datasets/xomo_ground.csv,Symbolic Dimensionality Reduction (10) with Kmeans Discretization,10.0,20,exploit,0.20116279069767443,0.06987394970964472,0.7545691967010498,23,10,4
data/our_datasets/xomo_ground.csv,Symbolic Dimensionality Reduction (5) with EFB Discretization,5.0,20,FOCUS,0.2020348837209302,0.07802132791435082,0.4850782513618469,23,5,4
data/our_datasets/xomo_ground.csv,Numeric Dimensionality Reduction (5),5.0,20,explore,0.2325581395348837,0.10002703798886775,0.2675605535507202,23,5,4
data/our_datasets/xomo_ground.csv,Symbolic Feature Elimation (5) with Kmeans Discretization,5.0,20,explore,0.22296511627906979,0.08672881199877759,1.0959998965263367,23,6,4
data/our_datasets/xomo_ground.csv,FAMD (10),10.0,20,Random,0.1767441860465116,0.07030798352479524,0.43625043630599974,23,21,4
data/our_datasets/xomo_ground.csv,Symbolic Feature Elimation (5) with EFB Discretization,5.0,20,Random,0.20436046511627906,0.07502647360420109,0.15703829526901245,23,6,4
data/our_datasets/xomo_ground.csv,FAMD (20),20.0,20,Random,0.20581395348837211,0.08924750012784542,0.2866961002349854,23,21,3
data/our_datasets/xomo_ground.csv,Numeric Feature Elimination (20),20.0,20,explore,0.19854651162790699,0.06235515937343718,0.3187671422958374,23,18,4
data/our_datasets/xomo_ground.csv,Symbolic Feature Elimation (5) with Kmeans Discretization,5.0,20,exploit,0.2133720930232558,0.05441872888079638,1.1843048930168152,23,6,4
data/our_datasets/xomo_ground.csv,FAMD (5),5.0,20,FOCUS,0.18953488372093025,0.08132056365072493,0.2621035575866699,23,21,3
data/our_datasets/xomo_ground.csv,FAMD (20),20.0,20,exploit,0.20232558139534884,0.07019250359435612,0.2624837517738342,23,21,4
data/our_datasets/xomo_ground.csv,Original,,20,exploit,0.20968852754697442,0.08692853806154414,0.2259000539779663,23,23,4
data/our_datasets/xomo_ground.csv,Numeric Feature Elimination (20),20.0,20,FOCUS,0.20930232558139533,0.07713080907803256,0.36123549938201904,23,18,4
data/our_datasets/xomo_ground.csv,Symbolic Feature Elimation (5) with Kmeans Discretization,5.0,20,Random,0.21279069767441863,0.06547864290837715,1.1757257461547852,23,6,4
data/our_datasets/xomo_ground.csv,Numeric Dimensionality Reduction (10),10.0,30,Random,0.17790697674418604,0.05417905933591509,0.33570524454116824,23,10,3
data/our_datasets/xomo_ground.csv,FAMD (5),5.0,30,FOCUS,0.14999999999999997,0.06878179730776862,0.8463256478309631,23,21,2
data/our_datasets/xomo_ground.csv,Symbolic Feature Elimation (20) with EFB Discretization,20.0,30,exploit,0.11046511627906977,0.029301402717102687,1.8187857866287231,23,20,1
data/our_datasets/xomo_ground.csv,FAMD (10),10.0,30,FOCUS,0.1186046511627907,0.06148513519256877,0.9759558439254761,23,21,1
data/our_datasets/xomo_ground.csv,Numeric Feature Elimination (5),5.0,30,FOCUS,0.18720930232558142,0.06473100306845013,0.6506454944610596,23,6,3
data/our_datasets/xomo_ground.csv,Numeric Dimensionality Reduction (20),20.0,30,Random,0.18604651162790697,0.0822217187426218,0.5188534021377563,23,20,3
data/our_datasets/xomo_ground.csv,FAMD (20),20.0,30,Random,0.14970930232558138,0.07256678075407698,0.44303754568099973,23,21,2
data/our_datasets/xomo_ground.csv,FAMD (20),20.0,30,explore,0.18255813953488373,0.09596370099751299,0.6013589024543762,23,21,3
data/our_datasets/xomo_ground.csv,Numeric Feature Elimination (5),5.0,30,exploit,0.1395348837209302,0.06659451657337839,0.5616896986961365,23,6,2
data/our_datasets/xomo_ground.csv,Numeric Feature Elimination (10),10.0,30,explore,0.11976744186046515,0.06751199240462692,0.8058745503425598,23,11,1
data/our_datasets/xomo_ground.csv,Symbolic Feature Elimation (5) with EFB Discretization,5.0,30,FOCUS,0.16511627906976745,0.08185914375254903,0.6977961421012878,23,6,3
data/our_datasets/xomo_ground.csv,Numeric Dimensionality Reduction (20),20.0,30,explore,0.1267441860465116,0.04620538717745471,0.4267083525657654,23,20,2
data/our_datasets/xomo_ground.csv,Original,,30,Random,0.19334963496457672,0.07360982139422169,0.5630766034126282,23,23,4
data/our_datasets/xomo_ground.csv,Numeric Feature Elimination (20),20.0,30,FOCUS,0.1383720930232558,0.06129793187487071,0.44815338850021363,23,18,1
data/our_datasets/xomo_ground.csv,Symbolic Feature Elimation (5) with Kmeans Discretization,5.0,30,explore,0.18953488372093025,0.057095273010190316,0.5890997052192688,23,6,3
data/our_datasets/xomo_ground.csv,Numeric Feature Elimination (20),20.0,30,explore,0.17761627906976746,0.05995635130371885,0.4599895477294922,23,18,3
data/our_datasets/xomo_ground.csv,FAMD (20),20.0,30,exploit,0.1453488372093023,0.07743697170126711,0.3962047934532166,23,21,2
data/our_datasets/xomo_ground.csv,Symbolic Feature Elimation (20) with Kmeans Discretization,20.0,30,exploit,0.13255813953488374,0.05047101026560629,2.4839235067367555,23,21,2
data/our_datasets/xomo_ground.csv,Symbolic Feature Elimation (20) with EFB Discretization,20.0,30,explore,0.1575581395348837,0.07411137526556487,1.9460283517837524,23,20,2
data/our_datasets/xomo_ground.csv,Symbolic Feature Elimation (10) with Kmeans Discretization,10.0,30,explore,0.16366279069767445,0.07336359273357404,1.7542147994041444,23,11,3
data/our_datasets/xomo_ground.csv,Symbolic Feature Elimation (20) with EFB Discretization,20.0,30,Random,0.17906976744186048,0.06373111444671964,1.9115783333778382,23,20,3
data/our_datasets/xomo_ground.csv,Symbolic Feature Elimation (20) with EFB Discretization,20.0,30,FOCUS,0.18023255813953487,0.0648978895924457,1.9702125906944274,23,20,3
data/our_datasets/xomo_ground.csv,FAMD (5),5.0,30,exploit,0.12674418604651166,0.049044410951077075,0.9174185395240784,23,21,1
data/our_datasets/xomo_ground.csv,Numeric Dimensionality Reduction (20),20.0,30,exploit,0.14389534883720928,0.05475234942394582,0.5854695439338684,23,20,2
data/our_datasets/xomo_ground.csv,Numeric Dimensionality Reduction (10),10.0,30,exploit,0.1069767441860465,0.04616147265413769,0.3594114422798157,23,10,1
data/our_datasets/xomo_ground.csv,Symbolic Feature Elimation (5) with EFB Discretization,5.0,30,explore,0.12674418604651164,0.04959271653985145,0.7989448666572571,23,6,1
data/our_datasets/xomo_ground.csv,FAMD (5),5.0,30,explore,0.14302325581395348,0.06295198922622867,0.872939157485962,23,21,2
data/our_datasets/xomo_ground.csv,FAMD (10),10.0,30,explore,0.14651162790697672,0.0530823823744806,0.83221515417099,23,21,3
data/our_datasets/xomo_ground.csv,FAMD (5),5.0,30,Random,0.15348837209302324,0.05762563578308776,0.9085596919059753,23,21,3
data/our_datasets/xomo_ground.csv,Original,,30,exploit,0.14683697288528075,0.07488082523434202,0.5728441119194031,23,23,2
data/our_datasets/xomo_ground.csv,Numeric Dimensionality Reduction (5),5.0,30,Random,0.16627906976744186,0.06711025130468873,0.38004854917526243,23,5,3
data/our_datasets/xomo_ground.csv,FAMD (10),10.0,30,exploit,0.17674418604651165,0.08898198358004183,0.9645014405250549,23,21,3
data/our_datasets/xomo_ground.csv,Symbolic Dimensionality Reduction (20) with EFB Discretization,20.0,30,explore,0.15813953488372093,0.07485338111363293,1.2862529039382935,23,20,3
data/our_datasets/xomo_ground.csv,Symbolic Dimensionality Reduction (5) with EFB Discretization,5.0,30,explore,0.16511627906976742,0.062358547338567084,0.6615076065063477,23,5,3
data/our_datasets/xomo_ground.csv,Symbolic Feature Elimation (10) with EFB Discretization,10.0,30,Random,0.16860465116279066,0.05141323481263754,0.9413985967636108,23,11,3
data/our_datasets/xomo_ground.csv,Symbolic Dimensionality Reduction (10) with EFB Discretization,10.0,30,exploit,0.1453488372093023,0.06363557345354479,1.0946054935455323,23,10,1
data/our_datasets/xomo_ground.csv,Symbolic Feature Elimation (10) with Kmeans Discretization,10.0,30,exploit,0.10930232558139534,0.05047101026560629,1.5853609442710876,23,11,1
data/our_datasets/xomo_ground.csv,Symbolic Dimensionality Reduction (10) with EFB Discretization,10.0,30,FOCUS,0.16395348837209303,0.07223354646742955,1.1003286957740783,23,10,3
data/our_datasets/xomo_ground.csv,Symbolic Feature Elimation (20) with Kmeans Discretization,20.0,30,FOCUS,0.16511627906976742,0.04760346393129935,2.551695501804352,23,21,3
data/our_datasets/xomo_ground.csv,Symbolic Feature Elimation (10) with Kmeans Discretization,10.0,30,Random,0.14999999999999997,0.052248004508513884,1.6047794461250304,23,11,2
data/our_datasets/xomo_ground.csv,Symbolic Feature Elimation (10) with EFB Discretization,10.0,30,exploit,0.16046511627906976,0.07088256118199149,0.97029709815979,23,11,3
data/our_datasets/xomo_ground.csv,Symbolic Feature Elimation (20) with Kmeans Discretization,20.0,30,explore,0.1302325581395349,0.04375555284238786,2.4979644536972048,23,21,1
data/our_datasets/xomo_ground.csv,Symbolic Dimensionality Reduction (5) with EFB Discretization,5.0,30,exploit,0.15930232558139534,0.05467589742097092,0.7552132606506348,23,5,2
data/our_datasets/xomo_ground.csv,Symbolic Feature Elimation (5) with EFB Discretization,5.0,30,Random,0.1686046511627907,0.05831369264241784,0.59397394657135,23,6,3
data/our_datasets/xomo_ground.csv,Numeric Dimensionality Reduction (5),5.0,30,FOCUS,0.14418604651162792,0.07114910949199234,0.31843175888061526,23,5,2
data/our_datasets/xomo_ground.csv,FAMD (10),10.0,30,Random,0.15348837209302324,0.06875230464695109,1.0051557064056396,23,21,3
data/our_datasets/xomo_ground.csv,Symbolic Dimensionality Reduction (20) with EFB Discretization,20.0,30,FOCUS,0.1372093023255814,0.04760346393129935,1.4958688020706177,23,20,2
data/our_datasets/xomo_ground.csv,Numeric Feature Elimination (20),20.0,30,exploit,0.13691860465116282,0.07078891278347565,0.41883144378662107,23,18,2
data/our_datasets/xomo_ground.csv,Symbolic Dimensionality Reduction (10) with EFB Discretization,10.0,30,explore,0.18110465116279068,0.07565459335654216,1.0535288095474242,23,10,3
data/our_datasets/xomo_ground.csv,Symbolic Feature Elimation (5) with Kmeans Discretization,5.0,30,FOCUS,0.17441860465116282,0.06800089077773697,0.6685624361038208,23,6,3
data/our_datasets/xomo_ground.csv,Symbolic Feature Elimation (5) with Kmeans Discretization,5.0,30,exploit,0.1813953488372093,0.06436443024696767,0.6825078964233399,23,6,3
data/our_datasets/xomo_ground.csv,Symbolic Dimensionality Reduction (5) with EFB Discretization,5.0,30,FOCUS,0.17906976744186048,0.0678416378875108,0.7042063474655151,23,5,3
data/our_datasets/xomo_ground.csv,Symbolic Dimensionality Reduction (5) with Kmeans Discretization,5.0,30,FOCUS,0.17093023255813955,0.05941621530716845,1.7357479095458985,23,5,3
data/our_datasets/xomo_ground.csv,Symbolic Feature Elimation (10) with EFB Discretization,10.0,30,explore,0.1418604651162791,0.05924529861793953,1.2557300448417663,23,11,2
data/our_datasets/xomo_ground.csv,Symbolic Feature Elimation (5) with Kmeans Discretization,5.0,30,Random,0.163953488372093,0.0790270062211451,0.766464352607727,23,6,3
data/our_datasets/xomo_ground.csv,Numeric Dimensionality Reduction (5),5.0,30,explore,0.16976744186046516,0.08323502403801526,0.3215323567390442,23,5,3
data/our_datasets/xomo_ground.csv,Symbolic Dimensionality Reduction (10) with EFB Discretization,10.0,30,Random,0.17093023255813952,0.05895933643761497,1.0300294518470765,23,10,3
data/our_datasets/xomo_ground.csv,Numeric Dimensionality Reduction (20),20.0,30,FOCUS,0.15232558139534885,0.07936845091433266,0.528429102897644,23,20,3
data/our_datasets/xomo_ground.csv,Original,,30,FOCUS,0.16269952721995978,0.06772577323148991,0.5818744659423828,23,23,3
data/our_datasets/xomo_ground.csv,Symbolic Feature Elimation (10) with EFB Discretization,10.0,30,FOCUS,0.148546511627907,0.06252298117243787,1.2015310645103454,23,11,2
data/our_datasets/xomo_ground.csv,Symbolic Dimensionality Reduction (20) with EFB Discretization,20.0,30,exploit,0.16511627906976742,0.06449034708773047,1.370590901374817,23,20,3
data/our_datasets/xomo_ground.csv,Numeric Feature Elimination (10),10.0,30,Random,0.16511627906976747,0.06192338118927604,0.30729600191116335,23,11,2
data/our_datasets/xomo_ground.csv,Symbolic Feature Elimation (10) with Kmeans Discretization,10.0,30,FOCUS,0.1825581395348837,0.056619668948557446,1.5631282567977904,23,11,3
data/our_datasets/xomo_ground.csv,Numeric Feature Elimination (5),5.0,30,explore,0.20348837209302326,0.08218059760039359,0.6600377440452576,23,6,4
data/our_datasets/xomo_ground.csv,Original,,30,explore,0.14145357684958865,0.04989667388036733,0.46977760791778567,23,23,2
data/our_datasets/xomo_ground.csv,Numeric Feature Elimination (5),5.0,30,Random,0.18372093023255814,0.06815977158024579,0.6219348907470703,23,6,3
data/our_datasets/xomo_ground.csv,Symbolic Feature Elimation (20) with Kmeans Discretization,20.0,30,Random,0.22529069767441862,0.062317201580010445,2.2224990487098695,23,21,4
data/our_datasets/xomo_ground.csv,Numeric Feature Elimination (10),10.0,30,exploit,0.1325581395348837,0.06201065872545759,0.29633274078369143,23,11,1
data/our_datasets/xomo_ground.csv,Symbolic Dimensionality Reduction (5) with EFB Discretization,5.0,30,Random,0.1627906976744186,0.06326265352900207,0.7110695958137512,23,5,3
data/our_datasets/xomo_ground.csv,Numeric Feature Elimination (10),10.0,30,FOCUS,0.15697674418604649,0.0753125809986571,0.4129531025886536,23,11,2
data/our_datasets/xomo_ground.csv,FAMD (20),20.0,30,FOCUS,0.12558139534883722,0.05374055817809927,0.46154495477676394,23,21,2
data/our_datasets/xomo_ground.csv,Symbolic Dimensionality Reduction (20) with EFB Discretization,20.0,30,Random,0.1941860465116279,0.051096680331906584,1.3196540474891663,23,20,3
data/our_datasets/xomo_ground.csv,Symbolic Feature Elimation (5) with EFB Discretization,5.0,30,exploit,0.11046511627906978,0.048712465268961426,0.5205433964729309,23,6,0
data/our_datasets/xomo_ground.csv,Numeric Dimensionality Reduction (10),10.0,30,FOCUS,0.13139534883720932,0.06830838671034659,0.39496089220047,23,10,1
data/our_datasets/xomo_ground.csv,Symbolic Dimensionality Reduction (10) with Kmeans Discretization,10.0,30,FOCUS,0.1752906976744186,0.07340965297432421,1.6932883381843566,23,10,3
data/our_datasets/xomo_ground.csv,Numeric Dimensionality Reduction (5),5.0,30,exploit,0.1799418604651163,0.07574836208864871,0.3235966920852661,23,5,3
data/our_datasets/xomo_ground.csv,Numeric Dimensionality Reduction (10),10.0,30,explore,0.15930232558139537,0.1068945589258923,0.31737030744552613,23,10,2
data/our_datasets/xomo_ground.csv,Symbolic Dimensionality Reduction (20) with Kmeans Discretization,20.0,30,FOCUS,0.14651162790697675,0.06330538413402884,2.096155655384064,23,20,2
data/our_datasets/xomo_ground.csv,Numeric Feature Elimination (20),20.0,30,Random,0.17093023255813952,0.047816012081283936,0.4696770548820496,23,18,3
data/our_datasets/xomo_ground.csv,Numeric Dimensionality Reduction (10),10.0,40,exploit,0.13023255813953488,0.07368827682676679,0.43911861181259154,23,10,1
data/our_datasets/xomo_ground.csv,Original,,40,exploit,0.1289090837075671,0.03430580902436497,1.2606653928756715,23,23,2
data/our_datasets/xomo_ground.csv,Symbolic Dimensionality Reduction (20) with EFB Discretization,20.0,40,explore,0.14767441860465114,0.0561400358352247,1.6755174040794372,23,20,3
data/our_datasets/xomo_ground.csv,Numeric Dimensionality Reduction (20),20.0,40,Random,0.15581395348837207,0.0658184730143484,0.7562236547470093,23,20,2
data/our_datasets/xomo_ground.csv,Symbolic Feature Elimation (20) with EFB Discretization,20.0,40,Random,0.16627906976744183,0.06031959232252529,2.1785695433616636,23,20,3
data/our_datasets/xomo_ground.csv,Numeric Dimensionality Reduction (10),10.0,40,Random,0.18226744186046512,0.061755982537110135,0.3816359043121338,23,10,3
data/our_datasets/xomo_ground.csv,FAMD (20),20.0,40,explore,0.11976744186046513,0.05002703433557896,1.3263375997543334,23,21,2
data/our_datasets/xomo_ground.csv,Symbolic Dimensionality Reduction (20) with EFB Discretization,20.0,40,Random,0.1569767441860465,0.07163205968028577,1.6978093981742859,23,20,3
data/our_datasets/xomo_ground.csv,Symbolic Feature Elimation (10) with Kmeans Discretization,10.0,40,explore,0.12209302325581399,0.06405910939925265,2.3021915555000305,23,11,0
data/our_datasets/xomo_ground.csv,Symbolic Feature Elimation (5) with EFB Discretization,5.0,40,exploit,0.11395348837209303,0.047031973060829506,0.79258234500885,23,6,1
data/our_datasets/xomo_ground.csv,Numeric Feature Elimination (20),20.0,40,Random,0.14738372093023255,0.06202905314680214,0.7399914503097534,23,18,2
data/our_datasets/xomo_ground.csv,Symbolic Dimensionality Reduction (10) with Kmeans Discretization,10.0,40,exploit,0.11511627906976744,0.04561638429286751,2.262947654724121,23,10,1
data/our_datasets/xomo_ground.csv,Symbolic Dimensionality Reduction (10) with EFB Discretization,10.0,40,Random,0.1453488372093023,0.05784810680852441,1.5137488007545472,23,10,2
data/our_datasets/xomo_ground.csv,Symbolic Feature Elimation (10) with EFB Discretization,10.0,40,Random,0.1555232558139535,0.06497271861645622,1.2557900309562684,23,11,3
data/our_datasets/xomo_ground.csv,Numeric Feature Elimination (5),5.0,40,explore,0.1534883720930233,0.07441860465116279,0.8292937994003295,23,6,2
data/our_datasets/xomo_ground.csv,Symbolic Dimensionality Reduction (10) with EFB Discretization,10.0,40,exploit,0.15930232558139534,0.062086925926569746,1.4604092597961427,23,10,2
data/our_datasets/xomo_ground.csv,FAMD (5),5.0,40,explore,0.12209302325581399,0.07087302305893385,1.002014660835266,23,21,0
data/our_datasets/xomo_ground.csv,Numeric Dimensionality Reduction (5),5.0,40,Random,0.18604651162790697,0.059745267807744785,0.36309969425201416,23,5,3
data/our_datasets/xomo_ground.csv,Numeric Feature Elimination (5),5.0,40,Random,0.16627906976744183,0.06629946646580667,0.7817555069923401,23,6,3
data/our_datasets/xomo_ground.csv,Numeric Feature Elimination (10),10.0,40,exploit,0.12325581395348836,0.07751550377906492,0.45278009176254275,23,11,1
data/our_datasets/xomo_ground.csv,FAMD (5),5.0,40,exploit,0.10813953488372093,0.037696662970807746,1.1695725560188293,23,21,1
data/our_datasets/xomo_ground.csv,Symbolic Dimensionality Reduction (5) with EFB Discretization,5.0,40,explore,0.12180232558139534,0.04561175276466591,0.7656251430511475,23,5,0
data/our_datasets/xomo_ground.csv,Symbolic Dimensionality Reduction (5) with EFB Discretization,5.0,40,exploit,0.1569767441860465,0.048154137769415475,0.8136740565299988,23,5,2
data/our_datasets/xomo_ground.csv,FAMD (10),10.0,40,FOCUS,0.11976744186046513,0.059869607729562804,1.151139748096466,23,21,0
data/our_datasets/xomo_ground.csv,Numeric Feature Elimination (20),20.0,40,explore,0.13604651162790699,0.03697235603624337,0.6547186970710754,23,18,2
data/our_datasets/xomo_ground.csv,Symbolic Dimensionality Reduction (10) with EFB Discretization,10.0,40,FOCUS,0.13604651162790696,0.05803478936496642,1.4598745465278626,23,10,2
data/our_datasets/xomo_ground.csv,FAMD (5),5.0,40,Random,0.16976744186046513,0.06744186046511629,1.188663399219513,23,21,3
data/our_datasets/xomo_ground.csv,Symbolic Feature Elimation (5) with EFB Discretization,5.0,40,Random,0.1441860465116279,0.0496608290792154,0.863644790649414,23,6,2
data/our_datasets/xomo_ground.csv,Numeric Dimensionality Reduction (5),5.0,40,FOCUS,0.16511627906976747,0.060599135910676206,0.4436967968940735,23,5,3
data/our_datasets/xomo_ground.csv,Symbolic Feature Elimation (5) with Kmeans Discretization,5.0,40,explore,0.13953488372093023,0.04708943425887578,0.8558390021324158,23,6,2
data/our_datasets/xomo_ground.csv,Numeric Dimensionality Reduction (5),5.0,40,explore,0.17877906976744187,0.0691072200939847,0.3953136563301086,23,5,3
data/our_datasets/xomo_ground.csv,Symbolic Feature Elimation (5) with Kmeans Discretization,5.0,40,FOCUS,0.1625,0.06454470384115703,0.8600519895553589,23,6,3
data/our_datasets/xomo_ground.csv,Numeric Feature Elimination (20),20.0,40,exploit,0.14622093023255817,0.07534118806279085,0.6827941060066223,23,18,1
data/our_datasets/xomo_ground.csv,Symbolic Feature Elimation (20) with EFB Discretization,20.0,40,exploit,0.11627906976744187,0.06019618188625481,2.3040003418922423,23,20,1
data/our_datasets/xomo_ground.csv,FAMD (5),5.0,40,FOCUS,0.1372093023255814,0.07917230014208931,1.012812042236328,23,21,1
data/our_datasets/xomo_ground.csv,Numeric Feature Elimination (10),10.0,40,explore,0.13372093023255813,0.0653132403255052,0.6135484337806701,23,11,1
data/our_datasets/xomo_ground.csv,Symbolic Feature Elimation (10) with EFB Discretization,10.0,40,FOCUS,0.12441860465116276,0.04367823249068128,1.156162142753601,23,11,1
data/our_datasets/xomo_ground.csv,Numeric Feature Elimination (5),5.0,40,FOCUS,0.17906976744186048,0.07681462588331973,0.8218799471855164,23,6,3
data/our_datasets/xomo_ground.csv,Symbolic Feature Elimation (20) with EFB Discretization,20.0,40,explore,0.10581395348837211,0.046786975671466766,2.3789277911186217,23,20,1
data/our_datasets/xomo_ground.csv,Symbolic Feature Elimation (10) with Kmeans Discretization,10.0,40,FOCUS,0.16511627906976742,0.07674418604651163,2.205186092853546,23,11,3
data/our_datasets/xomo_ground.csv,Symbolic Feature Elimation (10) with Kmeans Discretization,10.0,40,Random,0.1511627906976744,0.059971148642919206,2.2043929576873778,23,11,3
data/our_datasets/xomo_ground.csv,Symbolic Dimensionality Reduction (10) with EFB Discretization,10.0,40,explore,0.14302325581395353,0.04893401258721119,1.4396424889564514,23,10,2
data/our_datasets/xomo_ground.csv,Symbolic Feature Elimation (5) with Kmeans Discretization,5.0,40,exploit,0.16395348837209303,0.058127905813720876,0.7452793478965759,23,6,3
data/our_datasets/xomo_ground.csv,Symbolic Dimensionality Reduction (20) with EFB Discretization,20.0,40,exploit,0.15,0.04561638429286751,1.7629096984863282,23,20,3
data/our_datasets/xomo_ground.csv,Symbolic Feature Elimation (5) with Kmeans Discretization,5.0,40,Random,0.15232558139534885,0.04501967600606032,0.7514200448989868,23,6,2
data/our_datasets/xomo_ground.csv,Symbolic Dimensionality Reduction (20) with EFB Discretization,20.0,40,FOCUS,0.14534883720930236,0.0653132403255052,1.717225193977356,23,20,3
data/our_datasets/xomo_ground.csv,Numeric Dimensionality Reduction (10),10.0,40,explore,0.1613372093023256,0.0840086102298618,0.4285428524017334,23,10,2
data/our_datasets/xomo_ground.csv,Symbolic Dimensionality Reduction (5) with EFB Discretization,5.0,40,Random,0.15784883720930232,0.06221948949408274,0.8503931999206543,23,5,3
data/our_datasets/xomo_ground.csv,Symbolic Feature Elimation (10) with Kmeans Discretization,10.0,40,exploit,0.11395348837209303,0.06614633792245532,2.0828307032585145,23,11,0
data/our_datasets/xomo_ground.csv,Symbolic Feature Elimation (5) with EFB Discretization,5.0,40,FOCUS,0.12441860465116279,0.03769666297080774,0.903657853603363,23,6,1
data/our_datasets/xomo_ground.csv,Numeric Feature Elimination (10),10.0,40,Random,0.1430232558139535,0.04948354146733306,0.48331714868545533,23,11,2
data/our_datasets/xomo_ground.csv,FAMD (20),20.0,40,FOCUS,0.11046511627906977,0.0564283049234927,0.7227410435676574,23,21,0
data/our_datasets/xomo_ground.csv,Numeric Feature Elimination (5),5.0,40,exploit,0.1325581395348837,0.06287677132370127,0.6968071103096009,23,6,1
data/our_datasets/xomo_ground.csv,Symbolic Feature Elimation (5) with EFB Discretization,5.0,40,explore,0.09999999999999998,0.04771694076437951,0.837898063659668,23,6,0
data/our_datasets/xomo_ground.csv,Numeric Dimensionality Reduction (20),20.0,40,FOCUS,0.12093023255813953,0.043258314506368085,0.7414446592330932,23,20,1
data/our_datasets/xomo_ground.csv,Symbolic Feature Elimation (10) with EFB Discretization,10.0,40,exploit,0.13720930232558137,0.059699989083690404,1.0962734937667846,23,11,2
data/our_datasets/xomo_ground.csv,Symbolic Feature Elimation (10) with EFB Discretization,10.0,40,explore,0.11627906976744189,0.05404162808661512,1.393230950832367,23,11,1
data/our_datasets/xomo_ground.csv,Symbolic Dimensionality Reduction (5) with EFB Discretization,5.0,40,FOCUS,0.14999999999999997,0.050135025900721164,0.8428344964981079,23,5,3
data/our_datasets/xomo_ground.csv,Symbolic Feature Elimation (20) with EFB Discretization,20.0,40,FOCUS,0.10930232558139537,0.04231024511316338,2.4697434425354006,23,20,1
data/our_datasets/xomo_ground.csv,Symbolic Feature Elimation (20) with Kmeans Discretization,20.0,40,exploit,0.08953488372093021,0.04112730042750557,3.108361911773682,23,21,0
data/our_datasets/xomo_ground.csv,Symbolic Dimensionality Reduction (20) with Kmeans Discretization,20.0,40,FOCUS,0.12906976744186047,0.05718991919701367,2.836974799633026,23,20,1
data/our_datasets/xomo_ground.csv,Numeric Feature Elimination (20),20.0,40,FOCUS,0.13110465116279071,0.07204318889000388,0.7358395457267761,23,18,1
data/our_datasets/xomo_ground.csv,FAMD (10),10.0,40,Random,0.1418604651162791,0.0544901140179534,1.1427533388137818,23,21,3
data/our_datasets/xomo_ground.csv,Symbolic Dimensionality Reduction (5) with Kmeans Discretization,5.0,40,exploit,0.15581395348837207,0.057484684159573377,1.5427970051765443,23,5,3
data/our_datasets/xomo_ground.csv,Symbolic Dimensionality Reduction (5) with Kmeans Discretization,5.0,40,FOCUS,0.16511627906976747,0.054984141476915764,1.945465052127838,23,5,3
data/our_datasets/xomo_ground.csv,Original,,40,FOCUS,0.12948469332474394,0.05485720884963661,1.1775105595588684,23,23,2
data/our_datasets/xomo_ground.csv,Symbolic Feature Elimation (20) with Kmeans Discretization,20.0,40,explore,0.10813953488372093,0.032287077620732144,3.328757905960083,23,21,1
data/our_datasets/xomo_ground.csv,Numeric Dimensionality Reduction (10),10.0,40,FOCUS,0.15465116279069768,0.07327426862413093,0.44221271276474,23,10,2
data/our_datasets/xomo_ground.csv,FAMD (20),20.0,40,Random,0.1601744186046512,0.07164326605941662,0.7567387580871582,23,21,2
data/our_datasets/xomo_ground.csv,Numeric Feature Elimination (10),10.0,40,FOCUS,0.12093023255813953,0.05581395348837209,0.44387389421463014,23,11,0
data/our_datasets/xomo_ground.csv,Original,,40,explore,0.1291475097948908,0.06162134099071014,0.6506170392036438,23,23,1
data/our_datasets/xomo_ground.csv,Numeric Dimensionality Reduction (20),20.0,40,explore,0.11976744186046513,0.041779637728422525,0.5816176533699036,23,20,2
data/our_datasets/xomo_ground.csv,FAMD (10),10.0,40,exploit,0.12558139534883722,0.0412094073178357,1.2014091968536378,23,21,2
data/our_datasets/xomo_ground.csv,FAMD (10),10.0,40,explore,0.12790697674418602,0.05624830987185035,1.0832790970802306,23,21,1
data/our_datasets/xomo_ground.csv,Symbolic Feature Elimation (20) with Kmeans Discretization,20.0,40,Random,0.1441860465116279,0.05532733606218754,3.179798948764801,23,21,3
data/our_datasets/xomo_ground.csv,Symbolic Feature Elimation (20) with Kmeans Discretization,20.0,40,FOCUS,0.13488372093023254,0.06001622279332065,3.1618391990661623,23,21,2
data/our_datasets/xomo_ground.csv,FAMD (20),20.0,40,exploit,0.12674418604651166,0.05427879077666886,0.5871583461761475,23,21,1
data/our_datasets/xomo_ground.csv,Numeric Dimensionality Reduction (20),20.0,40,exploit,0.09534883720930232,0.029324465611438352,0.7666426539421082,23,20,0
data/our_datasets/xomo_ground.csv,Original,,40,Random,0.17808522937999138,0.061116968282702994,1.169235348701477,23,23,3
data/our_datasets/xomo_ground.csv,Numeric Dimensionality Reduction (5),5.0,40,exploit,0.12674418604651164,0.09345105121087467,0.3824882984161377,23,5,0
